{
  "best_epoch": 23,
  "peak_worker_0_memory_MB": 5123.13671875,
  "peak_gpu_0_memory_MB": 766.46240234375,
  "training_duration": "0:35:32.161767",
  "epoch": 48,
  "training_accuracy": 0.9997765930439197,
  "training_accuracy3": 0.9997867479055598,
  "training_precision-overall": 0.9978017585931255,
  "training_recall-overall": 0.9974031162604874,
  "training_f1-measure-overall": 0.9976023976023476,
  "training_loss": 0.8071494166056316,
  "training_worker_0_memory_MB": 5123.13671875,
  "training_gpu_0_memory_MB": 766.46240234375,
  "validation_accuracy": 0.9487279549718574,
  "validation_accuracy3": 0.9506341463414634,
  "validation_precision-overall": 0.6043442397580423,
  "validation_recall-overall": 0.605009633911368,
  "validation_f1-measure-overall": 0.6046767537826185,
  "validation_loss": 585.4854488012926,
  "best_validation_accuracy": 0.9498686679174484,
  "best_validation_accuracy3": 0.9516848030018762,
  "best_validation_precision-overall": 0.6265927977839335,
  "best_validation_recall-overall": 0.6226259289843105,
  "best_validation_f1-measure-overall": 0.6246030650282532,
  "best_validation_loss": 445.0505474378478
}