{
  "best_epoch": 14,
  "peak_worker_0_memory_MB": 6099.34375,
  "peak_gpu_0_memory_MB": 9389.43359375,
  "training_duration": "0:11:42.349596",
  "epoch": 17,
  "training_accuracy": 0.9985478547854786,
  "training_accuracy3": 0.9998476770753999,
  "training_precision-overall": 0.9726081778483525,
  "training_recall-overall": 0.9788254095085897,
  "training_f1-measure-overall": 0.9757068896853343,
  "training_loss": 0.0047507766363619015,
  "training_worker_0_memory_MB": 6099.34375,
  "training_gpu_0_memory_MB": 9389.43359375,
  "validation_accuracy": 0.9698011257035647,
  "validation_accuracy3": 0.987422138836773,
  "validation_precision-overall": 0.7557541294340644,
  "validation_recall-overall": 0.7682356179466006,
  "validation_f1-measure-overall": 0.7619437619437118,
  "validation_loss": 0.26249467093081,
  "best_validation_accuracy": 0.9703414634146341,
  "best_validation_accuracy3": 0.9871369606003753,
  "best_validation_precision-overall": 0.757428417071853,
  "best_validation_recall-overall": 0.7718139278832921,
  "best_validation_f1-measure-overall": 0.7645535105657305,
  "best_validation_loss": 0.25842974607968366
}