{
  "best_epoch": 38,
  "peak_worker_0_memory_MB": 5150.5390625,
  "peak_gpu_0_memory_MB": 782.00439453125,
  "training_duration": "0:30:45.816663",
  "epoch": 63,
  "training_accuracy": 0.99993907083016,
  "training_accuracy3": 0.9999492256918,
  "training_precision-overall": 0.9994007191370355,
  "training_recall-overall": 0.9994007191370355,
  "training_f1-measure-overall": 0.9994007191369856,
  "training_loss": 0.28038486480712893,
  "training_worker_0_memory_MB": 5150.5390625,
  "training_gpu_0_memory_MB": 782.00439453125,
  "validation_accuracy": 0.948983114446529,
  "validation_accuracy3": 0.9509643527204503,
  "validation_precision-overall": 0.6131019036954087,
  "validation_recall-overall": 0.6028075970272502,
  "validation_f1-measure-overall": 0.6079111727966191,
  "validation_loss": 708.5855625800367,
  "best_validation_accuracy": 0.9491181988742964,
  "best_validation_accuracy3": 0.9509643527204503,
  "best_validation_precision-overall": 0.6185195453285278,
  "best_validation_recall-overall": 0.614093036058354,
  "best_validation_f1-measure-overall": 0.6162983425413865,
  "best_validation_loss": 596.6585849546036
}