{
  "best_epoch": 18,
  "peak_worker_0_memory_MB": 6099.34375,
  "peak_gpu_0_memory_MB": 7682.6376953125,
  "training_duration": "0:13:24.087675",
  "epoch": 19,
  "training_accuracy": 0.9962427011931962,
  "training_accuracy3": 0.998943894389439,
  "training_precision-overall": 0.9562437562437562,
  "training_recall-overall": 0.9560527367159408,
  "training_f1-measure-overall": 0.9561482369393167,
  "training_loss": 0.025266897196525563,
  "training_worker_0_memory_MB": 6099.34375,
  "training_gpu_0_memory_MB": 7682.27587890625,
  "validation_accuracy": 0.969170731707317,
  "validation_accuracy3": 0.9848855534709193,
  "validation_precision-overall": 0.7571428571428571,
  "validation_recall-overall": 0.7586017065785852,
  "validation_f1-measure-overall": 0.757871579815707,
  "validation_loss": 0.23664460266404347,
  "best_validation_accuracy": 0.9691557223264541,
  "best_validation_accuracy3": 0.985140712945591,
  "best_validation_precision-overall": 0.7598675131106818,
  "best_validation_recall-overall": 0.757775942747041,
  "best_validation_f1-measure-overall": 0.7588202866592664,
  "best_validation_loss": 0.2374397402001602
}