{
  "best_epoch": 12,
  "peak_worker_0_memory_MB": 6099.34375,
  "peak_gpu_0_memory_MB": 11913.44921875,
  "training_duration": "0:10:01.253690",
  "epoch": 15,
  "training_accuracy": 0.9977963950241178,
  "training_accuracy3": 0.9997359735973598,
  "training_precision-overall": 0.9617973079968329,
  "training_recall-overall": 0.9706352377147424,
  "training_f1-measure-overall": 0.9661960628355037,
  "training_loss": 0.008155569995664098,
  "training_worker_0_memory_MB": 6099.34375,
  "training_gpu_0_memory_MB": 11912.8671875,
  "validation_accuracy": 0.9690956848030019,
  "validation_accuracy3": 0.9850206378986867,
  "validation_precision-overall": 0.7406417112299465,
  "validation_recall-overall": 0.7624552711257914,
  "validation_f1-measure-overall": 0.7513902075138521,
  "validation_loss": 0.24721678968682065,
  "best_validation_accuracy": 0.9689606003752346,
  "best_validation_accuracy3": 0.9858911819887429,
  "best_validation_precision-overall": 0.7501357957631722,
  "best_validation_recall-overall": 0.7602532342416736,
  "best_validation_f1-measure-overall": 0.7551606288447895,
  "best_validation_loss": 0.24241383225994212
}