{
  "best_epoch": 18,
  "peak_worker_0_memory_MB": 6099.34375,
  "peak_gpu_0_memory_MB": 6782.4228515625,
  "training_duration": "0:12:52.731787",
  "epoch": 19,
  "training_accuracy": 0.995013962934755,
  "training_accuracy3": 0.9981213505965981,
  "training_precision-overall": 0.9231222965001966,
  "training_recall-overall": 0.9378745505393528,
  "training_f1-measure-overall": 0.9304399524375243,
  "training_loss": 0.05529736818099765,
  "training_worker_0_memory_MB": 6099.34375,
  "training_gpu_0_memory_MB": 6782.4228515625,
  "validation_accuracy": 0.9679099437148218,
  "validation_accuracy3": 0.9822138836772983,
  "validation_precision-overall": 0.7367143242514163,
  "validation_recall-overall": 0.7517203413157171,
  "validation_f1-measure-overall": 0.7441416893732471,
  "validation_loss": 0.2188347247692774,
  "best_validation_accuracy": 0.9679099437148218,
  "best_validation_accuracy3": 0.9823639774859287,
  "best_validation_precision-overall": 0.7377801782338644,
  "best_validation_recall-overall": 0.7519955959262318,
  "best_validation_f1-measure-overall": 0.7448200654307024,
  "best_validation_loss": 0.21848703562369887
}