{
  "best_epoch": 46,
  "peak_worker_0_memory_MB": 4978.08984375,
  "peak_gpu_0_memory_MB": 473.67724609375,
  "training_duration": "0:51:10.868318",
  "epoch": 71,
  "training_accuracy": 0.9971667936024372,
  "training_accuracy3": 0.9972074130489972,
  "training_precision-overall": 0.971005798840232,
  "training_recall-overall": 0.9700359568517779,
  "training_f1-measure-overall": 0.9705206355550615,
  "training_loss": 8.298148307800293,
  "training_worker_0_memory_MB": 4978.08984375,
  "training_gpu_0_memory_MB": 473.67724609375,
  "validation_accuracy": 0.9513245778611632,
  "validation_accuracy3": 0.9534258911819887,
  "validation_precision-overall": 0.6675332177931831,
  "validation_recall-overall": 0.636113404899532,
  "validation_f1-measure-overall": 0.6514446793516061,
  "validation_loss": 327.5270359471159,
  "best_validation_accuracy": 0.9545666041275798,
  "best_validation_accuracy3": 0.9562176360225141,
  "best_validation_precision-overall": 0.6760363429869393,
  "best_validation_recall-overall": 0.655381227635563,
  "best_validation_f1-measure-overall": 0.66554856743531,
  "best_validation_loss": 273.20714810209455
}