{
  "best_epoch": 16,
  "peak_worker_0_memory_MB": 6099.34375,
  "peak_gpu_0_memory_MB": 8511.7060546875,
  "training_duration": "0:12:57.214670",
  "epoch": 19,
  "training_accuracy": 0.997989337395278,
  "training_accuracy3": 0.9996141152576796,
  "training_precision-overall": 0.9688622754491018,
  "training_recall-overall": 0.9696364362764682,
  "training_f1-measure-overall": 0.9692492012779053,
  "training_loss": 0.009968458945307918,
  "training_worker_0_memory_MB": 6099.34375,
  "training_gpu_0_memory_MB": 8510.76806640625,
  "validation_accuracy": 0.9695759849906191,
  "validation_accuracy3": 0.9846003752345216,
  "validation_precision-overall": 0.7705507888181566,
  "validation_recall-overall": 0.7663088356729976,
  "validation_f1-measure-overall": 0.7684239580457685,
  "validation_loss": 0.24816719321495598,
  "best_validation_accuracy": 0.9696810506566604,
  "best_validation_accuracy3": 0.9843001876172608,
  "best_validation_precision-overall": 0.7766610831937465,
  "best_validation_recall-overall": 0.7657583264519681,
  "best_validation_f1-measure-overall": 0.7711711711711213,
  "best_validation_loss": 0.2487877352714521
}