{
  "best_epoch": 18,
  "peak_worker_0_memory_MB": 6099.34375,
  "peak_gpu_0_memory_MB": 10318.580078125,
  "training_duration": "0:13:04.011701",
  "epoch": 19,
  "training_accuracy": 0.9987103325717187,
  "training_accuracy3": 0.9997867479055598,
  "training_precision-overall": 0.977751291219706,
  "training_recall-overall": 0.9832201358369956,
  "training_f1-measure-overall": 0.9804780876493525,
  "training_loss": 0.004451319534422301,
  "training_worker_0_memory_MB": 6099.34375,
  "training_gpu_0_memory_MB": 10317.45849609375,
  "validation_accuracy": 0.9700562851782364,
  "validation_accuracy3": 0.9879624765478424,
  "validation_precision-overall": 0.7564415513967996,
  "validation_recall-overall": 0.7676851087255712,
  "validation_f1-measure-overall": 0.7620218579234473,
  "validation_loss": 0.26752314231875196,
  "best_validation_accuracy": 0.9701463414634146,
  "best_validation_accuracy3": 0.9879624765478424,
  "best_validation_precision-overall": 0.7604790419161677,
  "best_validation_recall-overall": 0.7690613817781448,
  "best_validation_f1-measure-overall": 0.764746133844209,
  "best_validation_loss": 0.26714903489153347
}