{
  "best_epoch": 57,
  "peak_worker_0_memory_MB": 4996.19921875,
  "peak_gpu_0_memory_MB": 512.9521484375,
  "training_duration": "0:53:20.259893",
  "epoch": 74,
  "training_accuracy": 0.9988220360497588,
  "training_accuracy3": 0.9988423457730389,
  "training_precision-overall": 0.9866240766620084,
  "training_recall-overall": 0.9872153415900919,
  "training_f1-measure-overall": 0.9869196205690963,
  "training_loss": 3.9107232983907063,
  "training_worker_0_memory_MB": 4996.19921875,
  "training_gpu_0_memory_MB": 512.9521484375,
  "validation_accuracy": 0.9517898686679175,
  "validation_accuracy3": 0.9537711069418386,
  "validation_precision-overall": 0.6516601012943163,
  "validation_recall-overall": 0.6374896779521056,
  "validation_f1-measure-overall": 0.644497008487497,
  "validation_loss": 409.6608179920125,
  "best_validation_accuracy": 0.9540112570356473,
  "best_validation_accuracy3": 0.9558273921200751,
  "best_validation_precision-overall": 0.6690140845070423,
  "best_validation_recall-overall": 0.6537296999724745,
  "best_validation_f1-measure-overall": 0.6612835862452514,
  "best_validation_loss": 364.8697799466691
}