{
  "best_epoch": 19,
  "peak_worker_0_memory_MB": 5042.24609375,
  "peak_gpu_0_memory_MB": 608.07763671875,
  "training_duration": "0:32:05.124343",
  "epoch": 44,
  "training_accuracy": 0.9993094694084793,
  "training_accuracy3": 0.9993297791317594,
  "training_precision-overall": 0.9932054356514788,
  "training_recall-overall": 0.9928086296444267,
  "training_f1-measure-overall": 0.9930069930069431,
  "training_loss": 2.4473199526468914,
  "training_worker_0_memory_MB": 5042.24609375,
  "training_gpu_0_memory_MB": 608.07763671875,
  "validation_accuracy": 0.952390243902439,
  "validation_accuracy3": 0.9544765478424015,
  "validation_precision-overall": 0.6539902045520023,
  "validation_recall-overall": 0.6248279658684283,
  "validation_f1-measure-overall": 0.6390765765765266,
  "validation_loss": 495.89449814130677,
  "best_validation_accuracy": 0.9520750469043152,
  "best_validation_accuracy3": 0.9542063789868668,
  "best_validation_precision-overall": 0.6547960941987364,
  "best_validation_recall-overall": 0.6275805119735756,
  "best_validation_f1-measure-overall": 0.6408995080814679,
  "best_validation_loss": 333.72266960144043
}