{
  "best_epoch": 14,
  "peak_worker_0_memory_MB": 6099.34375,
  "peak_gpu_0_memory_MB": 11094.5498046875,
  "training_duration": "0:11:31.325190",
  "epoch": 17,
  "training_accuracy": 0.9911144960649911,
  "training_accuracy3": 0.9986595582635187,
  "training_precision-overall": 0.8587699316628702,
  "training_recall-overall": 0.9037155413503796,
  "training_f1-measure-overall": 0.880669651547546,
  "training_loss": 0.025244945576939706,
  "training_worker_0_memory_MB": 6099.34375,
  "training_gpu_0_memory_MB": 11094.5498046875,
  "validation_accuracy": 0.9631369606003752,
  "validation_accuracy3": 0.9826641651031895,
  "validation_precision-overall": 0.665641813989239,
  "validation_recall-overall": 0.7151114781172585,
  "validation_f1-measure-overall": 0.6894904458598228,
  "validation_loss": 0.2949106042286522,
  "best_validation_accuracy": 0.9625816135084427,
  "best_validation_accuracy3": 0.9817786116322702,
  "best_validation_precision-overall": 0.6687979539641944,
  "best_validation_recall-overall": 0.7197908064960088,
  "best_validation_f1-measure-overall": 0.6933580803393375,
  "best_validation_loss": 0.2824257913804481
}