{
  "best_epoch": 17,
  "peak_worker_0_memory_MB": 5803.78125,
  "peak_gpu_0_memory_MB": 6092.90771484375,
  "training_duration": "0:14:51.647174",
  "epoch": 19,
  "training_accuracy": 0.9968824574765169,
  "training_accuracy3": 0.9992079207920792,
  "training_precision-overall": 0.9570858283433133,
  "training_recall-overall": 0.9578505793048342,
  "training_f1-measure-overall": 0.9574680511181609,
  "training_loss": 0.01999549817796389,
  "training_worker_0_memory_MB": 5803.78125,
  "training_gpu_0_memory_MB": 6091.28955078125,
  "validation_accuracy": 0.9683302063789868,
  "validation_accuracy3": 0.984765478424015,
  "validation_precision-overall": 0.7484964461454346,
  "validation_recall-overall": 0.7536471235893201,
  "validation_f1-measure-overall": 0.7510629543272027,
  "validation_loss": 0.23646370426176186,
  "best_validation_accuracy": 0.9681801125703565,
  "best_validation_accuracy3": 0.9846604127579738,
  "best_validation_precision-overall": 0.7498631636562672,
  "best_validation_recall-overall": 0.7541976328103496,
  "best_validation_f1-measure-overall": 0.7520241526004716,
  "best_validation_loss": 0.2339362158434013
}